Experiment,Source_Domain,Test_Domain,Trial_Number,mAP,Epochs_In_Order,Completed,Number_Epochs_Completed,Is_Rerun,Rerun_Title
Baseline,EM,EM,0,0.9341008868823456,True,True,300,False,DNE
Baseline,EM,EM,1,0.927790295255618,True,True,300,False,DNE
Baseline,EM,EM,2,0.954234672259856,True,True,300,False,DNE
Baseline,EM,EM,3,0.960329541734704,True,True,300,False,DNE
Baseline,EM,EM,4,0.930861782511852,True,True,300,False,DNE
Baseline,EM,NW,0,0.8873231981023391,True,True,300,False,DNE
Baseline,EM,NW,1,0.9057913057074352,True,True,300,False,DNE
Baseline,EM,NW,2,0.8980269074152692,True,True,300,False,DNE
Baseline,EM,NW,3,0.9058779412093244,True,True,300,False,DNE
Baseline,EM,NW,4,0.8763128812129513,True,True,300,False,DNE
Baseline,EM,SW,0,0.601730119166589,True,True,300,False,DNE
Baseline,EM,SW,1,0.671224655097973,True,True,300,False,DNE
Baseline,EM,SW,2,0.658568446067326,True,True,300,True,Baseline_EM_SW_0
Baseline,EM,SW,3,0.6399859799005883,True,True,300,False,DNE
Baseline,EM,SW,4,0.6643284525968407,True,True,300,False,DNE
Baseline,NW,EM,0,0.900658898270106,True,True,300,False,DNE
Baseline,NW,EM,1,0.9263166153363104,True,True,300,False,DNE
Baseline,NW,EM,2,0.9426260979275564,True,True,300,False,DNE
Baseline,NW,EM,3,0.8899705290618425,True,True,300,False,DNE
Baseline,NW,EM,4,0.86867240572724,True,True,300,False,DNE
Baseline,NW,NW,0,0.975148416022547,True,True,300,False,DNE
Baseline,NW,NW,1,0.953439794968013,True,True,300,False,DNE
Baseline,NW,NW,2,0.964752420630756,True,True,300,False,DNE
Baseline,NW,NW,3,0.9610266702584094,True,True,300,False,DNE
Baseline,NW,NW,4,0.950103689483214,True,True,300,False,DNE
Baseline,NW,SW,0,0.7208103893408266,True,True,300,False,DNE
Baseline,NW,SW,1,0.7718178985388772,True,True,300,False,DNE
Baseline,NW,SW,2,0.7620152488605656,True,True,300,False,DNE
Baseline,NW,SW,3,0.7244989986557757,True,True,300,False,DNE
Baseline,NW,SW,4,0.7188455886432803,True,True,300,False,DNE
Baseline,SW,EM,0,0.7314082642270116,True,True,300,False,DNE
Baseline,SW,EM,1,0.7145636870579166,True,True,300,False,DNE
Baseline,SW,EM,2,0.7675988176479605,True,True,300,False,DNE
Baseline,SW,EM,3,0.7874568517943705,True,True,300,False,DNE
Baseline,SW,EM,4,0.7101444397147287,True,True,300,False,DNE
Baseline,SW,NW,0,0.807643895239778,True,True,300,False,DNE
Baseline,SW,NW,1,0.8098603669689626,True,True,300,False,DNE
Baseline,SW,NW,2,0.8073514318949814,True,True,300,False,DNE
Baseline,SW,NW,3,0.8342608392244486,True,True,300,False,DNE
Baseline,SW,NW,4,0.8345891113683069,True,True,300,False,DNE
Baseline,SW,SW,0,0.7982243426272155,True,True,300,False,DNE
Baseline,SW,SW,1,0.7887142068132946,True,True,300,False,DNE
Baseline,SW,SW,2,0.8394201198113374,True,True,300,False,DNE
Baseline,SW,SW,3,0.7840241880525249,True,True,300,False,DNE
Baseline,SW,SW,4,0.8041140148232901,True,True,300,False,DNE
Upper_Bound,EM,EM,0,0.922991765270201,True,True,300,False,DNE
Upper_Bound,EM,EM,1,0.9723588681416288,True,True,300,False,DNE
Upper_Bound,EM,EM,2,0.9625350246720225,True,True,300,False,DNE
Upper_Bound,EM,EM,3,0.9776482939122336,True,True,300,False,DNE
Upper_Bound,EM,EM,4,0.9519516155260324,True,True,300,False,DNE
Upper_Bound,EM,NW,0,0.956290740912152,True,True,300,False,DNE
Upper_Bound,EM,NW,1,0.9661801942006588,True,True,300,False,DNE
Upper_Bound,EM,NW,2,0.9616521667320828,True,True,300,False,DNE
Upper_Bound,EM,NW,3,0.9689645325547231,True,True,300,False,DNE
Upper_Bound,EM,NW,4,0.9673785178788672,True,True,300,False,DNE
Upper_Bound,EM,SW,0,0.8983650412574308,True,True,300,False,DNE
Upper_Bound,EM,SW,1,0.9246990229850152,True,True,300,False,DNE
Upper_Bound,EM,SW,2,0.8993217364110653,True,True,300,False,DNE
Upper_Bound,EM,SW,3,0.8892157194552498,True,True,300,False,DNE
Upper_Bound,EM,SW,4,0.8902270909339988,True,True,300,False,DNE
Upper_Bound,NW,EM,0,0.9695550226140704,True,True,300,False,DNE
Upper_Bound,NW,EM,1,0.9797376173641564,True,True,300,False,DNE
Upper_Bound,NW,EM,2,0.989884425054614,True,True,300,False,DNE
Upper_Bound,NW,EM,3,0.9874746806725752,True,True,300,False,DNE
Upper_Bound,NW,EM,4,0.949348809440985,True,True,300,False,DNE
Upper_Bound,NW,NW,0,0.9657147607678735,True,True,300,False,DNE
Upper_Bound,NW,NW,1,0.9824715694584514,True,True,300,False,DNE
Upper_Bound,NW,NW,2,0.9612404665819302,True,True,300,False,DNE
Upper_Bound,NW,NW,3,0.9763892852929807,True,True,300,False,DNE
Upper_Bound,NW,NW,4,0.9728472761678386,True,True,300,False,DNE
Upper_Bound,NW,SW,0,0.8513196946629982,True,True,300,False,DNE
Upper_Bound,NW,SW,1,0.8404679728797105,True,True,300,False,DNE
Upper_Bound,NW,SW,2,0.8729218740757538,True,True,300,False,DNE
Upper_Bound,NW,SW,3,0.8511285937790827,True,True,300,False,DNE
Upper_Bound,NW,SW,4,0.8651224565047355,True,True,300,False,DNE
Upper_Bound,SW,EM,0,0.9743711385836386,True,True,300,False,DNE
Upper_Bound,SW,EM,1,0.9544353081182714,True,True,300,False,DNE
Upper_Bound,SW,EM,2,0.9275209746462778,True,True,300,False,DNE
Upper_Bound,SW,EM,3,0.9681426911961042,True,True,300,False,DNE
Upper_Bound,SW,EM,4,0.961197508544845,True,True,300,False,DNE
Upper_Bound,SW,NW,0,0.9311552960499692,True,True,300,False,DNE
Upper_Bound,SW,NW,1,0.9379275720066562,True,True,300,False,DNE
Upper_Bound,SW,NW,2,0.9330545124853976,True,True,300,False,DNE
Upper_Bound,SW,NW,3,0.96161730064522,True,True,300,False,DNE
Upper_Bound,SW,NW,4,0.9212836958043154,True,True,300,False,DNE
Upper_Bound,SW,SW,0,0.8818367039265416,True,True,300,False,DNE
Upper_Bound,SW,SW,1,0.8645543496632558,True,True,300,False,DNE
Upper_Bound,SW,SW,2,0.8889706499768257,True,True,300,False,DNE
Upper_Bound,SW,SW,3,0.9111937204195448,True,True,300,False,DNE
Upper_Bound,SW,SW,4,0.8903307546515165,True,True,300,False,DNE
Cycada,EM,EM,0,0.9462719593780268,True,True,300,False,DNE
Cycada,EM,EM,1,0.9523430034390882,True,True,300,False,DNE
Cycada,EM,EM,2,0.9060868524436958,True,True,300,False,DNE
Cycada,EM,EM,3,0.9394888346770816,True,True,300,False,DNE
Cycada,EM,EM,4,0.9398977373093772,True,True,300,False,DNE
Cycada,EM,NW,0,0.8496496569069552,True,True,300,False,DNE
Cycada,EM,NW,1,0.8267966240739077,True,True,300,False,DNE
Cycada,EM,NW,2,0.839874816658128,True,True,300,False,DNE
Cycada,EM,NW,3,0.8572140529758281,True,True,300,False,DNE
Cycada,EM,NW,4,0.8097231118997203,True,True,300,False,DNE
Cycada,EM,SW,0,0.5322333715455019,True,True,300,False,DNE
Cycada,EM,SW,1,0.5594091357898946,True,True,300,False,DNE
Cycada,EM,SW,2,0.5569957729449309,True,True,300,False,DNE
Cycada,EM,SW,3,0.5940317663788901,True,True,300,False,DNE
Cycada,EM,SW,4,0.5780472901544026,True,True,300,False,DNE
Cycada,NW,EM,0,0.8885420041954986,True,True,300,False,DNE
Cycada,NW,EM,1,0.9287369652696827,True,True,300,False,DNE
Cycada,NW,EM,2,0.8618748586115532,True,True,300,False,DNE
Cycada,NW,EM,3,0.8887455505565003,True,True,300,False,DNE
Cycada,NW,EM,4,0.8909811801411023,True,True,300,False,DNE
Cycada,NW,NW,0,0.9442002340476938,True,True,300,False,DNE
Cycada,NW,NW,1,0.9367312136286476,True,True,300,False,DNE
Cycada,NW,NW,2,0.9577584187485518,True,True,300,False,DNE
Cycada,NW,NW,3,0.9538351040517616,True,True,300,False,DNE
Cycada,NW,NW,4,0.9454032113293176,True,True,300,False,DNE
Cycada,NW,SW,0,0.7615146900734423,True,True,300,False,DNE
Cycada,NW,SW,1,0.702239051313714,True,True,300,False,DNE
Cycada,NW,SW,2,0.752251861665276,True,True,300,False,DNE
Cycada,NW,SW,3,0.7353403812377033,True,True,300,False,DNE
Cycada,NW,SW,4,0.70027053334754,True,True,300,False,DNE
Cycada,SW,EM,0,0.6841415342072825,True,True,300,False,DNE
Cycada,SW,EM,1,0.6762854285457391,True,True,300,False,DNE
Cycada,SW,EM,2,0.6862810599103847,True,True,300,False,DNE
Cycada,SW,EM,3,0.7045119988396948,True,True,300,False,DNE
Cycada,SW,EM,4,0.7605744008126812,True,True,300,False,DNE
Cycada,SW,NW,0,0.7516643934844647,True,True,300,False,DNE
Cycada,SW,NW,1,0.8405762720282384,True,True,300,False,DNE
Cycada,SW,NW,2,0.7852608963452838,True,True,300,False,DNE
Cycada,SW,NW,3,0.7923713371119375,True,True,300,False,DNE
Cycada,SW,NW,4,0.7753784627096055,True,True,300,False,DNE
Cycada,SW,SW,0,0.7304346264414631,True,True,300,False,DNE
Cycada,SW,SW,1,0.7248406034390089,True,True,300,False,DNE
Cycada,SW,SW,2,0.7662599408608088,True,True,300,False,DNE
Cycada,SW,SW,3,0.7557096023809098,True,True,300,False,DNE
Cycada,SW,SW,4,0.7679751520971452,True,True,300,False,DNE
Cyclegan,EM,EM,0,0.9490380666360172,True,True,300,False,DNE
Cyclegan,EM,EM,1,0.951128801206038,True,True,300,False,DNE
Cyclegan,EM,EM,2,0.9352932749472148,True,True,300,False,DNE
Cyclegan,EM,EM,3,0.9138968555697946,True,True,300,False,DNE
Cyclegan,EM,EM,4,0.9395595098930388,True,True,300,False,DNE
Cyclegan,EM,NW,0,0.8473030558121937,True,True,300,False,DNE
Cyclegan,EM,NW,1,0.7927260421235393,True,True,300,False,DNE
Cyclegan,EM,NW,2,0.8259950490617761,True,True,300,False,DNE
Cyclegan,EM,NW,3,0.8198083534128398,True,True,300,False,DNE
Cyclegan,EM,NW,4,0.840725809296984,True,True,300,False,DNE
Cyclegan,EM,SW,0,0.5473027825295671,True,True,300,False,DNE
Cyclegan,EM,SW,1,0.5674484583081726,True,True,300,False,DNE
Cyclegan,EM,SW,2,0.576793621380917,True,True,300,False,DNE
Cyclegan,EM,SW,3,0.622826517930012,True,True,300,False,DNE
Cyclegan,EM,SW,4,0.5966974577201787,True,True,300,False,DNE
Cyclegan,NW,EM,0,0.922029034725329,True,True,300,False,DNE
Cyclegan,NW,EM,1,0.913007314453526,True,True,300,False,DNE
Cyclegan,NW,EM,2,0.9163346449229928,True,True,300,False,DNE
Cyclegan,NW,EM,3,0.910094983961693,True,True,300,False,DNE
Cyclegan,NW,EM,4,0.9154021571342996,True,True,300,False,DNE
Cyclegan,NW,NW,0,0.9521603836721486,True,True,300,False,DNE
Cyclegan,NW,NW,1,0.9602456004997706,True,True,300,False,DNE
Cyclegan,NW,NW,2,0.9450116430128204,True,True,300,False,DNE
Cyclegan,NW,NW,3,0.9355932599124096,True,True,300,False,DNE
Cyclegan,NW,NW,4,0.9636288470554928,True,True,300,False,DNE
Cyclegan,NW,SW,0,0.758330161472969,True,True,300,False,DNE
Cyclegan,NW,SW,1,0.7068525368962296,True,True,300,False,DNE
Cyclegan,NW,SW,2,0.7221484582835138,True,True,300,False,DNE
Cyclegan,NW,SW,3,0.7345514308093133,True,True,300,False,DNE
Cyclegan,NW,SW,4,0.6911295831070884,True,True,300,False,DNE
Cyclegan,SW,EM,0,0.7222634295570851,True,True,300,False,DNE
Cyclegan,SW,EM,1,0.7387872293937422,True,True,300,False,DNE
Cyclegan,SW,EM,2,0.6041471694507394,True,True,300,False,DNE
Cyclegan,SW,EM,3,0.6872095974086492,True,True,300,False,DNE
Cyclegan,SW,EM,4,0.7210165062935219,True,True,300,False,DNE
Cyclegan,SW,NW,0,0.7876127593392812,True,True,300,False,DNE
Cyclegan,SW,NW,1,0.8194437369356333,True,True,300,False,DNE
Cyclegan,SW,NW,2,0.8196067981721574,True,True,300,False,DNE
Cyclegan,SW,NW,3,0.7939809964250574,True,True,300,False,DNE
Cyclegan,SW,NW,4,0.7689783355491449,True,True,300,False,DNE
Cyclegan,SW,SW,0,0.6224903624916499,True,True,300,False,DNE
Cyclegan,SW,SW,1,0.8222664407569751,True,True,300,False,DNE
Cyclegan,SW,SW,2,0.799858651843619,True,True,300,False,DNE
Cyclegan,SW,SW,3,0.8385815824142877,True,True,300,False,DNE
Cyclegan,SW,SW,4,0.8155988277104103,True,True,300,False,DNE
Lower_Bound,EM,EM,0,0.94599906043835,True,True,300,False,DNE
Lower_Bound,EM,EM,1,0.9644365757158946,True,True,300,False,DNE
Lower_Bound,EM,EM,2,0.9541593113430652,True,True,300,False,DNE
Lower_Bound,EM,EM,3,0.8699842339343885,True,True,300,False,DNE
Lower_Bound,EM,EM,4,0.9376162842245572,True,True,300,False,DNE
Lower_Bound,EM,NW,0,0.8574159128667125,True,True,300,False,DNE
Lower_Bound,EM,NW,1,0.8976644834085833,True,True,300,False,DNE
Lower_Bound,EM,NW,2,0.6612962784951146,True,True,300,False,DNE
Lower_Bound,EM,NW,3,0.877399571200485,True,True,300,False,DNE
Lower_Bound,EM,NW,4,0.8755577897463344,True,True,300,False,DNE
Lower_Bound,EM,SW,0,0.61075432519234,True,True,300,False,DNE
Lower_Bound,EM,SW,1,0.5838170973940112,True,True,300,False,DNE
Lower_Bound,EM,SW,2,0.6262702631678703,True,True,300,False,DNE
Lower_Bound,EM,SW,3,0.6136781673776008,True,True,300,False,DNE
Lower_Bound,EM,SW,4,0.690269899545424,True,True,300,False,DNE
Lower_Bound,NW,EM,0,0.9174367907494062,True,True,300,False,DNE
Lower_Bound,NW,EM,1,0.898285637858252,True,True,300,False,DNE
Lower_Bound,NW,EM,2,0.9179993816752277,True,True,300,False,DNE
Lower_Bound,NW,EM,3,0.9072245523061369,True,True,300,False,DNE
Lower_Bound,NW,EM,4,0.897139560061374,True,True,300,False,DNE
Lower_Bound,NW,NW,0,0.9656054353488775,True,True,300,False,DNE
Lower_Bound,NW,NW,1,0.9567238788024078,True,True,300,False,DNE
Lower_Bound,NW,NW,2,0.9508357892341922,True,True,300,False,DNE
Lower_Bound,NW,NW,3,0.9462405345935646,True,True,300,False,DNE
Lower_Bound,NW,NW,4,0.9598470184774512,True,True,300,False,DNE
Lower_Bound,NW,SW,0,0.7121802632392412,True,True,300,False,DNE
Lower_Bound,NW,SW,1,0.7566507630963129,True,True,300,False,DNE
Lower_Bound,NW,SW,2,0.7301640511258229,True,True,300,False,DNE
Lower_Bound,NW,SW,3,0.7477420306404319,True,True,300,False,DNE
Lower_Bound,NW,SW,4,0.7519379754220263,True,True,300,False,DNE
Lower_Bound,SW,EM,0,0.7117621481811539,True,True,300,False,DNE
Lower_Bound,SW,EM,1,0.7318256844939497,True,True,300,False,DNE
Lower_Bound,SW,EM,2,0.7378040974501305,True,True,300,False,DNE
Lower_Bound,SW,EM,3,0.7511074385688572,True,True,300,False,DNE
Lower_Bound,SW,EM,4,0.7306251404826681,True,True,300,False,DNE
Lower_Bound,SW,NW,0,0.7969697855342204,True,True,300,False,DNE
Lower_Bound,SW,NW,1,0.8255144687044572,True,True,300,False,DNE
Lower_Bound,SW,NW,2,0.8407758083084134,True,True,300,False,DNE
Lower_Bound,SW,NW,3,0.8612198797268666,True,True,300,False,DNE
Lower_Bound,SW,NW,4,0.8215485120464325,True,True,300,False,DNE
Lower_Bound,SW,SW,0,0.8244916517126812,True,True,300,False,DNE
Lower_Bound,SW,SW,1,0.8184510248399639,True,True,300,False,DNE
Lower_Bound,SW,SW,2,0.805924576492902,True,True,300,False,DNE
Lower_Bound,SW,SW,3,0.8379295367177557,True,True,300,False,DNE
Lower_Bound,SW,SW,4,0.8096851875031637,True,True,300,False,DNE
Histogram_Matching,EM,EM,0,0.9455815303549066,True,True,300,False,DNE
Histogram_Matching,EM,EM,1,0.9608564763085368,True,True,300,False,DNE
Histogram_Matching,EM,EM,2,0.9412503410881818,True,True,300,False,DNE
Histogram_Matching,EM,EM,3,0.9434607628922448,True,True,300,False,DNE
Histogram_Matching,EM,EM,4,0.9508463915153254,True,True,300,False,DNE
Histogram_Matching,EM,NW,0,0.9166409674720594,True,True,300,False,DNE
Histogram_Matching,EM,NW,1,0.8732631804949047,True,True,300,False,DNE
Histogram_Matching,EM,NW,2,0.8985753535883634,True,True,300,False,DNE
Histogram_Matching,EM,NW,3,0.9249710460993,True,True,300,False,DNE
Histogram_Matching,EM,NW,4,0.8876516632848639,True,True,300,False,DNE
Histogram_Matching,EM,SW,0,0.6529334367721219,True,True,300,False,DNE
Histogram_Matching,EM,SW,1,0.663227111437488,True,True,300,False,DNE
Histogram_Matching,EM,SW,2,0.6671604760155869,True,True,300,False,DNE
Histogram_Matching,EM,SW,3,0.6405159096034713,True,True,300,False,DNE
Histogram_Matching,EM,SW,4,0.7240024142583872,True,True,300,False,DNE
Histogram_Matching,NW,EM,0,0.92544036186029,True,True,300,False,DNE
Histogram_Matching,NW,EM,1,0.9213083586212792,True,True,300,False,DNE
Histogram_Matching,NW,EM,2,0.913381443560429,True,True,300,False,DNE
Histogram_Matching,NW,EM,3,0.9193896014686552,True,True,300,False,DNE
Histogram_Matching,NW,EM,4,0.9199503071207834,True,True,300,False,DNE
Histogram_Matching,NW,NW,0,0.9796220884642862,True,True,300,False,DNE
Histogram_Matching,NW,NW,1,0.971026411817992,True,True,300,False,DNE
Histogram_Matching,NW,NW,2,0.9519120904499146,True,True,300,False,DNE
Histogram_Matching,NW,NW,3,0.9656610731302075,True,True,300,False,DNE
Histogram_Matching,NW,NW,4,0.969746996210074,True,True,300,False,DNE
Histogram_Matching,NW,SW,0,0.7600471752665786,True,True,300,False,DNE
Histogram_Matching,NW,SW,1,0.7704473605661607,True,True,300,False,DNE
Histogram_Matching,NW,SW,2,0.7511205684135058,True,True,300,False,DNE
Histogram_Matching,NW,SW,3,0.7490724724663518,True,True,300,False,DNE
Histogram_Matching,NW,SW,4,0.7701047453383976,True,True,300,False,DNE
Histogram_Matching,SW,EM,0,0.7211550027785582,True,True,300,False,DNE
Histogram_Matching,SW,EM,1,0.7232456507392331,True,True,300,False,DNE
Histogram_Matching,SW,EM,2,0.6996849747983641,True,True,300,False,DNE
Histogram_Matching,SW,EM,3,0.7253206164749093,True,True,300,False,DNE
Histogram_Matching,SW,EM,4,0.722086769288751,True,True,300,False,DNE
Histogram_Matching,SW,NW,0,0.8186992321686939,True,True,300,False,DNE
Histogram_Matching,SW,NW,1,0.8211206021159803,True,True,300,False,DNE
Histogram_Matching,SW,NW,2,0.8203973243290926,True,True,300,False,DNE
Histogram_Matching,SW,NW,3,0.7881771927461821,True,True,300,False,DNE
Histogram_Matching,SW,NW,4,0.8168294629786275,True,True,300,False,DNE
Histogram_Matching,SW,SW,0,0.7728221111978804,True,True,300,False,DNE
Histogram_Matching,SW,SW,1,0.8025285080895319,True,True,300,False,DNE
Histogram_Matching,SW,SW,2,0.801478747171927,True,True,300,False,DNE
Histogram_Matching,SW,SW,3,0.8241021270022256,True,True,300,False,DNE
Histogram_Matching,SW,SW,4,0.8128710033916362,True,True,300,False,DNE
Gray_World,EM,EM,0,0.9160843804747024,True,True,300,False,DNE
Gray_World,EM,EM,1,0.9485169533864682,True,True,300,False,DNE
Gray_World,EM,EM,2,0.9133726213158168,True,True,300,False,DNE
Gray_World,EM,EM,3,0.9164993898649598,True,True,300,False,DNE
Gray_World,EM,EM,4,0.9222907486611052,True,True,300,False,DNE
Gray_World,EM,NW,0,0.8730851322753248,True,True,300,False,DNE
Gray_World,EM,NW,1,0.8850969264983888,True,True,300,False,DNE
Gray_World,EM,NW,2,0.8874002743219291,True,True,300,False,DNE
Gray_World,EM,NW,3,0.8894634054435728,True,True,300,False,DNE
Gray_World,EM,NW,4,0.8958827256719846,True,True,300,False,DNE
Gray_World,EM,SW,0,0.6247206527132172,True,True,300,False,DNE
Gray_World,EM,SW,1,0.677141567789374,True,True,300,False,DNE
Gray_World,EM,SW,2,0.6476645031061843,True,True,300,False,DNE
Gray_World,EM,SW,3,0.6265599411366504,True,True,300,False,DNE
Gray_World,EM,SW,4,0.7037927403849559,True,True,300,False,DNE
Gray_World,NW,EM,0,0.9019890329135718,True,True,300,False,DNE
Gray_World,NW,EM,1,0.8883133731003823,True,True,300,False,DNE
Gray_World,NW,EM,2,0.9176273506901772,True,True,300,False,DNE
Gray_World,NW,EM,3,0.9187238417425092,True,True,300,False,DNE
Gray_World,NW,EM,4,0.9333026875091956,True,True,300,False,DNE
Gray_World,NW,NW,0,0.9617503467159196,True,True,300,False,DNE
Gray_World,NW,NW,1,0.9585302094736604,True,True,300,False,DNE
Gray_World,NW,NW,2,0.9487456806451214,True,True,300,False,DNE
Gray_World,NW,NW,3,0.9703342653545128,True,True,300,False,DNE
Gray_World,NW,NW,4,0.961296709168402,True,True,300,False,DNE
Gray_World,NW,SW,0,0.6988994715657131,True,True,300,False,DNE
Gray_World,NW,SW,1,0.7267486104717022,True,True,300,False,DNE
Gray_World,NW,SW,2,0.7417921556980598,True,True,300,False,DNE
Gray_World,NW,SW,3,0.7150342767411413,True,True,300,False,DNE
Gray_World,NW,SW,4,0.6832797862331547,True,True,300,False,DNE
Gray_World,SW,EM,0,0.5603618717572041,True,True,300,False,DNE
Gray_World,SW,EM,1,0.7118673406885376,True,True,300,False,DNE
Gray_World,SW,EM,2,0.675930831076069,True,True,300,False,DNE
Gray_World,SW,EM,3,0.6536421826471197,True,True,300,False,DNE
Gray_World,SW,EM,4,0.6691398612512607,True,True,300,False,DNE
Gray_World,SW,NW,0,0.8284782360249866,True,True,300,False,DNE
Gray_World,SW,NW,1,0.7936948009460638,True,True,300,False,DNE
Gray_World,SW,NW,2,0.7813699797750864,True,True,300,False,DNE
Gray_World,SW,NW,3,0.775280960349326,True,True,300,False,DNE
Gray_World,SW,NW,4,0.805695914251674,True,True,300,False,DNE
Gray_World,SW,SW,0,0.7973392200508499,True,True,300,False,DNE
Gray_World,SW,SW,1,0.7873652044426586,True,True,300,False,DNE
Gray_World,SW,SW,2,0.8174835887963896,True,True,300,False,DNE
Gray_World,SW,SW,3,0.7578754951571266,True,True,300,False,DNE
Gray_World,SW,SW,4,0.7986835830557681,True,True,300,False,DNE
Color_Equalize_Domain,EM,EM,0,0.9736093588519736,True,True,300,False,DNE
Color_Equalize_Domain,EM,EM,1,0.924182306734183,True,True,300,False,DNE
Color_Equalize_Domain,EM,EM,2,0.943921635611566,True,True,300,False,DNE
Color_Equalize_Domain,EM,EM,3,0.9297988077816732,True,True,300,False,DNE
Color_Equalize_Domain,EM,EM,4,0.9429160295222216,True,True,300,False,DNE
Color_Equalize_Domain,EM,NW,0,0.9114068126679716,True,True,300,False,DNE
Color_Equalize_Domain,EM,NW,1,0.8725816301968303,True,True,300,False,DNE
Color_Equalize_Domain,EM,NW,2,0.8487012910571898,True,True,300,False,DNE
Color_Equalize_Domain,EM,NW,3,0.8477889162880097,True,True,300,False,DNE
Color_Equalize_Domain,EM,NW,4,0.8681110378286194,True,True,300,False,DNE
Color_Equalize_Domain,EM,SW,0,0.6740710699956318,True,True,300,False,DNE
Color_Equalize_Domain,EM,SW,1,0.7343618092738239,True,True,300,False,DNE
Color_Equalize_Domain,EM,SW,2,0.6365454631667831,True,True,300,False,DNE
Color_Equalize_Domain,EM,SW,3,0.66666986730755,True,True,300,False,DNE
Color_Equalize_Domain,EM,SW,4,0.6851130160478427,True,True,300,False,DNE
Color_Equalize_Domain,NW,EM,0,0.9474503642574142,True,True,300,False,DNE
Color_Equalize_Domain,NW,EM,1,0.9464037207740212,True,True,300,False,DNE
Color_Equalize_Domain,NW,EM,2,0.906744986046362,True,True,300,False,DNE
Color_Equalize_Domain,NW,EM,3,0.9198913747247904,True,True,300,False,DNE
Color_Equalize_Domain,NW,EM,4,0.9444451467242309,True,True,300,False,DNE
Color_Equalize_Domain,NW,NW,0,0.9620828884409672,True,True,300,False,DNE
Color_Equalize_Domain,NW,NW,1,0.9676535878107322,True,True,300,False,DNE
Color_Equalize_Domain,NW,NW,2,0.9623857076637669,True,True,300,False,DNE
Color_Equalize_Domain,NW,NW,3,0.963994955469584,True,True,300,False,DNE
Color_Equalize_Domain,NW,NW,4,0.969609262652037,True,True,300,False,DNE
Color_Equalize_Domain,NW,SW,0,0.7330966987088833,True,True,300,False,DNE
Color_Equalize_Domain,NW,SW,1,0.7539191114607922,True,True,300,False,DNE
Color_Equalize_Domain,NW,SW,2,0.7868517960286721,True,True,300,False,DNE
Color_Equalize_Domain,NW,SW,3,0.7451927305267751,True,True,300,False,DNE
Color_Equalize_Domain,NW,SW,4,0.7751083911736448,True,True,300,False,DNE
Color_Equalize_Domain,SW,EM,0,0.761129501973099,True,True,300,False,DNE
Color_Equalize_Domain,SW,EM,1,0.7273688652165389,True,True,300,False,DNE
Color_Equalize_Domain,SW,EM,2,0.7604247796235949,True,True,300,False,DNE
Color_Equalize_Domain,SW,EM,3,0.7629837187413593,True,True,300,False,DNE
Color_Equalize_Domain,SW,EM,4,0.7228518548245204,True,True,300,False,DNE
Color_Equalize_Domain,SW,NW,0,0.8502653677666645,True,True,300,False,DNE
Color_Equalize_Domain,SW,NW,1,0.8400502044039115,True,True,300,False,DNE
Color_Equalize_Domain,SW,NW,2,0.8440241922474856,True,True,300,False,DNE
Color_Equalize_Domain,SW,NW,3,0.8268692927674535,True,True,300,False,DNE
Color_Equalize_Domain,SW,NW,4,0.7910807284041085,True,True,300,False,DNE
Color_Equalize_Domain,SW,SW,0,0.8070950692831593,True,True,300,False,DNE
Color_Equalize_Domain,SW,SW,1,0.8345690849763108,True,True,300,False,DNE
Color_Equalize_Domain,SW,SW,2,0.8106240847649129,True,True,300,False,DNE
Color_Equalize_Domain,SW,SW,3,0.8428685521881178,True,True,300,False,DNE
Color_Equalize_Domain,SW,SW,4,0.8084228431614587,True,True,300,False,DNE
Optimal_Ratio_1,EM,EM,0,0.9681881555195748,True,True,300,False,DNE
Optimal_Ratio_1,EM,EM,1,0.9815212058596752,True,True,300,False,DNE
Optimal_Ratio_1,EM,EM,2,0.9468454976433048,True,True,300,False,DNE
Optimal_Ratio_1,EM,EM,3,0.9628072579457776,True,True,300,False,DNE
Optimal_Ratio_1,EM,EM,4,0.9627659592874882,True,True,300,False,DNE
Optimal_Ratio_1,EM,NW,0,0.9197616165395044,True,True,300,False,DNE
Optimal_Ratio_1,EM,NW,1,0.9473494376848168,True,True,300,False,DNE
Optimal_Ratio_1,EM,NW,2,0.9410883841415164,True,True,300,False,DNE
Optimal_Ratio_1,EM,NW,3,0.9301729261579964,True,True,300,False,DNE
Optimal_Ratio_1,EM,NW,4,0.9440857771215352,True,True,300,False,DNE
Optimal_Ratio_1,EM,SW,0,0.8159771790132344,True,True,300,False,DNE
Optimal_Ratio_1,EM,SW,1,0.8075339190815916,True,True,300,False,DNE
Optimal_Ratio_1,EM,SW,2,0.804140585141096,True,True,300,False,DNE
Optimal_Ratio_1,EM,SW,3,0.7931079411878793,True,True,300,False,DNE
Optimal_Ratio_1,EM,SW,4,0.7813679569169012,True,True,300,False,DNE
Optimal_Ratio_1,NW,EM,0,0.9629221108555474,True,True,300,False,DNE
Optimal_Ratio_1,NW,EM,1,0.9236716539673016,True,True,300,False,DNE
Optimal_Ratio_1,NW,EM,2,0.9224270723433378,True,True,300,False,DNE
Optimal_Ratio_1,NW,EM,3,0.9160865533985764,True,True,300,False,DNE
Optimal_Ratio_1,NW,EM,4,0.9276050767599904,True,True,300,False,DNE
Optimal_Ratio_1,NW,NW,0,0.9638309924746576,True,True,300,False,DNE
Optimal_Ratio_1,NW,NW,1,0.9578464239605566,True,True,300,False,DNE
Optimal_Ratio_1,NW,NW,2,0.9610849342058436,True,True,300,False,DNE
Optimal_Ratio_1,NW,NW,3,0.9680043393870852,True,True,300,False,DNE
Optimal_Ratio_1,NW,NW,4,0.965553178018064,True,True,300,False,DNE
Optimal_Ratio_1,NW,SW,0,0.7771660264579867,True,True,300,False,DNE
Optimal_Ratio_1,NW,SW,1,0.7935477705952829,True,True,300,False,DNE
Optimal_Ratio_1,NW,SW,2,0.7493533306091206,True,True,300,False,DNE
Optimal_Ratio_1,NW,SW,3,0.7759911230869394,True,True,300,False,DNE
Optimal_Ratio_1,NW,SW,4,0.7683818750380795,True,True,300,False,DNE
Optimal_Ratio_1,SW,EM,0,0.8599984998779228,True,True,300,False,DNE
Optimal_Ratio_1,SW,EM,1,0.8468726271365851,True,True,300,False,DNE
Optimal_Ratio_1,SW,EM,2,0.8530694079278826,True,True,300,False,DNE
Optimal_Ratio_1,SW,EM,3,0.8012759915937029,True,True,300,False,DNE
Optimal_Ratio_1,SW,EM,4,0.8196375105354243,True,True,300,False,DNE
Optimal_Ratio_1,SW,NW,0,0.8346953031358595,True,True,300,False,DNE
Optimal_Ratio_1,SW,NW,1,0.8567518585305819,True,True,300,False,DNE
Optimal_Ratio_1,SW,NW,2,0.8882066146808806,True,True,300,False,DNE
Optimal_Ratio_1,SW,NW,3,0.8781218197128573,True,True,300,False,DNE
Optimal_Ratio_1,SW,NW,4,0.8557950987284431,True,True,300,False,DNE
Optimal_Ratio_1,SW,SW,0,0.8339584452650342,True,True,300,False,DNE
Optimal_Ratio_1,SW,SW,1,0.8466993750098981,True,True,300,False,DNE
Optimal_Ratio_1,SW,SW,2,0.8146246744116906,True,True,300,False,DNE
Optimal_Ratio_1,SW,SW,3,0.8374119366349687,True,True,300,False,DNE
Optimal_Ratio_1,SW,SW,4,0.8542507638405882,True,True,300,False,DNE
Optimal_Ratio_2,EM,EM,0,0.9643816344004768,True,True,300,False,DNE
Optimal_Ratio_2,EM,EM,1,0.9661456078110088,True,True,300,False,DNE
Optimal_Ratio_2,EM,EM,2,0.9626975435226374,True,True,300,False,DNE
Optimal_Ratio_2,EM,EM,3,0.9548114913843242,True,True,300,False,DNE
Optimal_Ratio_2,EM,EM,4,0.96613177708347,True,True,300,False,DNE
Optimal_Ratio_2,EM,NW,0,0.9257429541481298,True,True,300,False,DNE
Optimal_Ratio_2,EM,NW,1,0.9341853599769966,True,True,300,False,DNE
Optimal_Ratio_2,EM,NW,2,0.9355466924943314,True,True,300,False,DNE
Optimal_Ratio_2,EM,NW,3,0.9414172762360148,True,True,300,False,DNE
Optimal_Ratio_2,EM,NW,4,0.913008904890722,True,True,300,False,DNE
Optimal_Ratio_2,EM,SW,0,0.7428902734534372,True,True,300,False,DNE
Optimal_Ratio_2,EM,SW,1,0.737582541859647,True,True,300,False,DNE
Optimal_Ratio_2,EM,SW,2,0.7522309004342949,True,True,300,False,DNE
Optimal_Ratio_2,EM,SW,3,0.7711821213464792,True,True,300,False,DNE
Optimal_Ratio_2,EM,SW,4,0.8116154663018575,True,True,300,False,DNE
Optimal_Ratio_2,NW,EM,0,0.9286336464731018,True,True,300,False,DNE
Optimal_Ratio_2,NW,EM,1,0.934011419163414,True,True,300,False,DNE
Optimal_Ratio_2,NW,EM,2,0.9424672016066646,True,True,300,False,DNE
Optimal_Ratio_2,NW,EM,3,0.9428645355704888,True,True,300,False,DNE
Optimal_Ratio_2,NW,EM,4,0.9389331535000516,True,True,300,False,DNE
Optimal_Ratio_2,NW,NW,0,0.9637599364016742,True,True,300,False,DNE
Optimal_Ratio_2,NW,NW,1,0.9541453577961646,True,True,300,False,DNE
Optimal_Ratio_2,NW,NW,2,0.9640194285226908,True,True,300,False,DNE
Optimal_Ratio_2,NW,NW,3,0.9532817960508266,True,True,300,False,DNE
Optimal_Ratio_2,NW,NW,4,0.9635096936188944,True,True,300,False,DNE
Optimal_Ratio_2,NW,SW,0,0.7810015266798465,True,True,300,False,DNE
Optimal_Ratio_2,NW,SW,1,0.79505337285844,True,True,300,False,DNE
Optimal_Ratio_2,NW,SW,2,0.80207791839641,True,True,300,False,DNE
Optimal_Ratio_2,NW,SW,3,0.8191646511554069,True,True,300,False,DNE
Optimal_Ratio_2,NW,SW,4,0.8297545969391378,True,True,300,False,DNE
Optimal_Ratio_2,SW,EM,0,0.7946533225417587,True,True,300,False,DNE
Optimal_Ratio_2,SW,EM,1,0.8534547441280138,True,True,300,False,DNE
Optimal_Ratio_2,SW,EM,2,0.8209651723257358,True,True,300,False,DNE
Optimal_Ratio_2,SW,EM,3,0.7965264379617643,True,True,300,False,DNE
Optimal_Ratio_2,SW,EM,4,0.4111335369196011,True,True,300,False,DNE
Optimal_Ratio_2,SW,NW,0,0.8612345385467174,True,True,300,False,DNE
Optimal_Ratio_2,SW,NW,1,0.8407747146210778,True,True,300,False,DNE
Optimal_Ratio_2,SW,NW,2,0.8541793643840923,True,True,300,False,DNE
Optimal_Ratio_2,SW,NW,3,0.8738338602593121,True,True,300,False,DNE
Optimal_Ratio_2,SW,NW,4,0.8563322854893554,True,True,300,False,DNE
Optimal_Ratio_2,SW,SW,0,0.8806670771925349,True,True,300,False,DNE
Optimal_Ratio_2,SW,SW,1,0.8626574682560886,True,True,300,False,DNE
Optimal_Ratio_2,SW,SW,2,0.6860697942960694,True,True,300,False,DNE
Optimal_Ratio_2,SW,SW,3,0.8655092382414198,True,True,300,False,DNE
Optimal_Ratio_2,SW,SW,4,0.8473956473206183,True,True,300,False,DNE
Optimal_Ratio_3,EM,EM,0,0.9711254912839996,True,True,300,False,DNE
Optimal_Ratio_3,EM,EM,1,0.9586622008919508,True,True,300,False,DNE
Optimal_Ratio_3,EM,EM,2,0.966890898256472,True,True,300,False,DNE
Optimal_Ratio_3,EM,EM,3,0.9704593807234696,True,True,300,False,DNE
Optimal_Ratio_3,EM,EM,4,0.96464171311373,True,True,300,False,DNE
Optimal_Ratio_3,EM,NW,0,0.9433961933860846,True,True,300,False,DNE
Optimal_Ratio_3,EM,NW,1,0.9517288915022152,True,True,300,False,DNE
Optimal_Ratio_3,EM,NW,2,0.9360427485354018,True,True,300,False,DNE
Optimal_Ratio_3,EM,NW,3,0.8935209870619027,True,True,300,False,DNE
Optimal_Ratio_3,EM,NW,4,0.944103177744692,True,True,300,False,DNE
Optimal_Ratio_3,EM,SW,0,0.7953814099508036,True,True,300,False,DNE
Optimal_Ratio_3,EM,SW,1,0.7865113289142515,True,True,300,False,DNE
Optimal_Ratio_3,EM,SW,2,0.7772784992905126,True,True,300,False,DNE
Optimal_Ratio_3,EM,SW,3,0.7976190288207562,True,True,300,False,DNE
Optimal_Ratio_3,EM,SW,4,0.7542628564059106,True,True,300,False,DNE
Optimal_Ratio_3,NW,EM,0,0.9125400564172814,True,True,300,False,DNE
Optimal_Ratio_3,NW,EM,1,0.9271859965829125,True,True,300,False,DNE
Optimal_Ratio_3,NW,EM,2,0.9278436604740052,True,True,300,False,DNE
Optimal_Ratio_3,NW,EM,3,0.9436142621284708,True,True,300,False,DNE
Optimal_Ratio_3,NW,EM,4,0.9374010301878024,True,True,300,False,DNE
Optimal_Ratio_3,NW,NW,0,0.9691662462523966,True,True,300,False,DNE
Optimal_Ratio_3,NW,NW,1,0.963062132121268,True,True,300,False,DNE
Optimal_Ratio_3,NW,NW,2,0.973303644793112,True,True,300,False,DNE
Optimal_Ratio_3,NW,NW,3,0.942217381803076,True,True,300,False,DNE
Optimal_Ratio_3,NW,NW,4,0.9601130102334192,True,True,300,False,DNE
Optimal_Ratio_3,NW,SW,0,0.8107952222091555,True,True,300,False,DNE
Optimal_Ratio_3,NW,SW,1,0.7764860807400064,True,True,300,False,DNE
Optimal_Ratio_3,NW,SW,2,0.7885957637534491,True,True,300,False,DNE
Optimal_Ratio_3,NW,SW,3,0.7988846195935438,True,True,300,False,DNE
Optimal_Ratio_3,NW,SW,4,0.7717441811542393,True,True,300,False,DNE
Optimal_Ratio_3,SW,EM,0,0.8043027190911074,True,True,300,False,DNE
Optimal_Ratio_3,SW,EM,1,0.8180205223356811,True,True,300,False,DNE
Optimal_Ratio_3,SW,EM,2,0.8178095607349464,True,True,300,False,DNE
Optimal_Ratio_3,SW,EM,3,0.7873840301291979,True,True,300,False,DNE
Optimal_Ratio_3,SW,EM,4,0.8243343106952519,True,True,300,False,DNE
Optimal_Ratio_3,SW,NW,0,0.8731058181789688,True,True,300,False,DNE
Optimal_Ratio_3,SW,NW,1,0.8303631799215154,True,True,300,False,DNE
Optimal_Ratio_3,SW,NW,2,0.8298568233588227,True,True,300,False,DNE
Optimal_Ratio_3,SW,NW,3,0.8766794380034861,True,True,300,False,DNE
Optimal_Ratio_3,SW,NW,4,0.8844880420529317,True,True,300,False,DNE
Optimal_Ratio_3,SW,SW,0,0.8178304907649263,True,True,300,False,DNE
Optimal_Ratio_3,SW,SW,1,0.8513668396033853,True,True,300,False,DNE
Optimal_Ratio_3,SW,SW,2,0.861572706886458,True,True,300,False,DNE
Optimal_Ratio_3,SW,SW,3,0.8760418824688331,True,True,300,False,DNE
Optimal_Ratio_3,SW,SW,4,0.8340872257024958,True,True,300,False,DNE
Optimal_Ratio_4,EM,EM,0,0.9505660282030582,True,True,300,False,DNE
Optimal_Ratio_4,EM,EM,1,0.9604302666060442,True,True,300,False,DNE
Optimal_Ratio_4,EM,EM,2,0.954352456927356,True,True,300,False,DNE
Optimal_Ratio_4,EM,EM,3,0.9723254723416506,True,True,300,False,DNE
Optimal_Ratio_4,EM,EM,4,0.9726809612826968,True,True,300,False,DNE
Optimal_Ratio_4,EM,NW,0,0.9352606888419964,True,True,300,False,DNE
Optimal_Ratio_4,EM,NW,1,0.9224871100688832,True,True,300,False,DNE
Optimal_Ratio_4,EM,NW,2,0.9366841616961352,True,True,300,False,DNE
Optimal_Ratio_4,EM,NW,3,0.915905306718388,True,True,300,False,DNE
Optimal_Ratio_4,EM,NW,4,0.9003651826134295,True,True,300,False,DNE
Optimal_Ratio_4,EM,SW,0,0.8161260247765253,True,True,300,False,DNE
Optimal_Ratio_4,EM,SW,1,0.7531027679786355,True,True,300,False,DNE
Optimal_Ratio_4,EM,SW,2,0.7780991705348954,True,True,300,False,DNE
Optimal_Ratio_4,EM,SW,3,0.7682619841134506,True,True,300,False,DNE
Optimal_Ratio_4,EM,SW,4,0.7410416917900072,True,True,300,False,DNE
Optimal_Ratio_4,NW,EM,0,0.9376544043554748,True,True,300,False,DNE
Optimal_Ratio_4,NW,EM,1,0.93142037484985,True,True,300,False,DNE
Optimal_Ratio_4,NW,EM,2,0.9428285508237926,True,True,300,False,DNE
Optimal_Ratio_4,NW,EM,3,0.9406423124981568,True,True,300,False,DNE
Optimal_Ratio_4,NW,EM,4,0.9227351874401024,True,True,300,False,DNE
Optimal_Ratio_4,NW,NW,0,0.9667133624301664,True,True,300,False,DNE
Optimal_Ratio_4,NW,NW,1,0.9580318483855652,True,True,300,False,DNE
Optimal_Ratio_4,NW,NW,2,0.9680650891720162,True,True,300,False,DNE
Optimal_Ratio_4,NW,NW,3,0.9649888829543674,True,True,300,False,DNE
Optimal_Ratio_4,NW,NW,4,0.9615322443033228,True,True,300,False,DNE
Optimal_Ratio_4,NW,SW,0,0.7906619832977273,True,True,300,False,DNE
Optimal_Ratio_4,NW,SW,1,0.7846698137938568,True,True,300,False,DNE
Optimal_Ratio_4,NW,SW,2,0.803232393904135,True,True,300,False,DNE
Optimal_Ratio_4,NW,SW,3,0.794961304298502,True,True,300,False,DNE
Optimal_Ratio_4,NW,SW,4,0.7885292432904669,True,True,300,False,DNE
Optimal_Ratio_4,SW,EM,0,0.8099534825160781,True,True,300,False,DNE
Optimal_Ratio_4,SW,EM,1,0.7754532159167553,True,True,300,False,DNE
Optimal_Ratio_4,SW,EM,2,0.8108290262246436,True,True,300,False,DNE
Optimal_Ratio_4,SW,EM,3,0.8472548240122457,True,True,300,False,DNE
Optimal_Ratio_4,SW,EM,4,0.7678571933467722,True,True,300,False,DNE
Optimal_Ratio_4,SW,NW,0,0.8698084648025968,True,True,300,False,DNE
Optimal_Ratio_4,SW,NW,1,0.839484176161051,True,True,300,False,DNE
Optimal_Ratio_4,SW,NW,2,0.8456151278824116,True,True,300,False,DNE
Optimal_Ratio_4,SW,NW,3,0.8659599936389106,True,True,300,False,DNE
Optimal_Ratio_4,SW,NW,4,0.852055508282786,True,True,300,False,DNE
Optimal_Ratio_4,SW,SW,0,0.8758899821230056,True,True,300,False,DNE
Optimal_Ratio_4,SW,SW,1,0.8783306125679737,True,True,300,False,DNE
Optimal_Ratio_4,SW,SW,2,0.8679852466858098,True,True,300,False,DNE
Optimal_Ratio_4,SW,SW,3,0.8785598208838649,True,True,300,False,DNE
Optimal_Ratio_4,SW,SW,4,0.8849460540843087,True,True,300,False,DNE
Optimal_Ratio_5,EM,EM,0,0.9602330511733383,True,True,300,False,DNE
Optimal_Ratio_5,EM,EM,1,0.981811136999068,True,True,300,False,DNE
Optimal_Ratio_5,EM,EM,2,0.9535399740688,True,True,300,False,DNE
Optimal_Ratio_5,EM,EM,3,0.9830144307819628,True,True,300,False,DNE
Optimal_Ratio_5,EM,EM,4,0.964057014994792,True,True,300,False,DNE
Optimal_Ratio_5,EM,NW,0,0.8929438365176041,True,True,300,False,DNE
Optimal_Ratio_5,EM,NW,1,0.9168669096000376,True,True,300,False,DNE
Optimal_Ratio_5,EM,NW,2,0.9290196443856856,True,True,300,False,DNE
Optimal_Ratio_5,EM,NW,3,0.9480883235653608,True,True,300,False,DNE
Optimal_Ratio_5,EM,NW,4,0.9216978398092815,True,True,300,False,DNE
Optimal_Ratio_5,EM,SW,0,0.7493830716337633,True,True,300,False,DNE
Optimal_Ratio_5,EM,SW,1,0.7808416572078647,True,True,300,False,DNE
Optimal_Ratio_5,EM,SW,2,0.7940105567675324,True,True,300,False,DNE
Optimal_Ratio_5,EM,SW,3,0.7350872012120995,True,True,300,False,DNE
Optimal_Ratio_5,EM,SW,4,0.7705314245969388,True,True,300,False,DNE
Optimal_Ratio_5,NW,EM,0,0.9481918583575144,True,True,300,False,DNE
Optimal_Ratio_5,NW,EM,1,0.9297129470238172,True,True,300,False,DNE
Optimal_Ratio_5,NW,EM,2,0.9468112974461412,True,True,300,False,DNE
Optimal_Ratio_5,NW,EM,3,0.9339182440653028,True,True,300,False,DNE
Optimal_Ratio_5,NW,EM,4,0.8785102167578107,True,True,300,False,DNE
Optimal_Ratio_5,NW,NW,0,0.965240107157446,True,True,300,False,DNE
Optimal_Ratio_5,NW,NW,1,0.9632433141791114,True,True,300,False,DNE
Optimal_Ratio_5,NW,NW,2,0.9545727051566868,True,True,300,False,DNE
Optimal_Ratio_5,NW,NW,3,0.9707163044298448,True,True,300,False,DNE
Optimal_Ratio_5,NW,NW,4,0.96500199642379,True,True,300,False,DNE
Optimal_Ratio_5,NW,SW,0,0.7871611515936585,True,True,300,False,DNE
Optimal_Ratio_5,NW,SW,1,0.8039419971195271,True,True,300,False,DNE
Optimal_Ratio_5,NW,SW,2,0.7572140954191355,True,True,300,False,DNE
Optimal_Ratio_5,NW,SW,3,0.7820842777051911,True,True,300,False,DNE
Optimal_Ratio_5,NW,SW,4,0.8221628837737307,True,True,300,False,DNE
Optimal_Ratio_5,SW,EM,0,0.75146433955846,True,True,300,False,DNE
Optimal_Ratio_5,SW,EM,1,0.7789776252612672,True,True,300,False,DNE
Optimal_Ratio_5,SW,EM,2,0.7637036918036841,True,True,300,False,DNE
Optimal_Ratio_5,SW,EM,3,0.7706806076556207,True,True,300,False,DNE
Optimal_Ratio_5,SW,EM,4,0.8086469316171475,True,True,300,False,DNE
Optimal_Ratio_5,SW,NW,0,0.8457129592635284,True,True,300,False,DNE
Optimal_Ratio_5,SW,NW,1,0.8187780912684006,True,True,300,False,DNE
Optimal_Ratio_5,SW,NW,2,0.863780073324983,True,True,300,False,DNE
Optimal_Ratio_5,SW,NW,3,0.8506315775020208,True,True,300,False,DNE
Optimal_Ratio_5,SW,NW,4,0.8316353148605611,True,True,300,False,DNE
Optimal_Ratio_5,SW,SW,0,0.8361249838915371,True,True,300,False,DNE
Optimal_Ratio_5,SW,SW,1,0.7403120218207802,True,True,300,False,DNE
Optimal_Ratio_5,SW,SW,2,0.7780343401489809,True,True,300,False,DNE
Optimal_Ratio_5,SW,SW,3,0.837072796490878,True,True,300,False,DNE
Optimal_Ratio_5,SW,SW,4,0.8581477182939126,True,True,300,False,DNE
Optimal_Ratio_6,EM,EM,0,0.9571607747806168,True,True,300,False,DNE
Optimal_Ratio_6,EM,EM,1,0.9477295512569694,True,True,300,False,DNE
Optimal_Ratio_6,EM,EM,2,0.9775062961295082,True,True,300,False,DNE
Optimal_Ratio_6,EM,EM,3,0.9561666593196612,True,True,300,False,DNE
Optimal_Ratio_6,EM,EM,4,0.9653066250819908,True,True,300,False,DNE
Optimal_Ratio_6,EM,NW,0,0.9159372271838562,True,True,300,False,DNE
Optimal_Ratio_6,EM,NW,1,0.9278089906814936,True,True,300,False,DNE
Optimal_Ratio_6,EM,NW,2,0.914191488719876,True,True,300,False,DNE
Optimal_Ratio_6,EM,NW,3,0.9377472648953312,True,True,300,False,DNE
Optimal_Ratio_6,EM,NW,4,0.9308989852149944,True,True,300,False,DNE
Optimal_Ratio_6,EM,SW,0,0.7521161344679401,True,True,300,False,DNE
Optimal_Ratio_6,EM,SW,1,0.7592213627517072,True,True,300,False,DNE
Optimal_Ratio_6,EM,SW,2,0.7245780736401284,True,True,300,False,DNE
Optimal_Ratio_6,EM,SW,3,0.7314307565569926,True,True,300,False,DNE
Optimal_Ratio_6,EM,SW,4,0.7511776929863846,True,True,300,False,DNE
Optimal_Ratio_6,NW,EM,0,0.9478836900754214,True,True,300,False,DNE
Optimal_Ratio_6,NW,EM,1,0.9517369064314508,True,True,300,False,DNE
Optimal_Ratio_6,NW,EM,2,0.9329334140507304,True,True,300,False,DNE
Optimal_Ratio_6,NW,EM,3,0.9215639799977572,True,True,300,False,DNE
Optimal_Ratio_6,NW,EM,4,0.9583159373019092,True,True,300,False,DNE
Optimal_Ratio_6,NW,NW,0,0.9441089697579546,True,True,300,False,DNE
Optimal_Ratio_6,NW,NW,1,0.9614945909790762,True,True,300,False,DNE
Optimal_Ratio_6,NW,NW,2,0.9477327231397216,True,True,300,False,DNE
Optimal_Ratio_6,NW,NW,3,0.9579499335550088,True,True,300,False,DNE
Optimal_Ratio_6,NW,NW,4,0.9595173512724654,True,True,300,False,DNE
Optimal_Ratio_6,NW,SW,0,0.7679436145179479,True,True,300,False,DNE
Optimal_Ratio_6,NW,SW,1,0.7764115667337184,True,True,300,False,DNE
Optimal_Ratio_6,NW,SW,2,0.7850002088912136,True,True,300,False,DNE
Optimal_Ratio_6,NW,SW,3,0.8160207164375454,True,True,300,False,DNE
Optimal_Ratio_6,NW,SW,4,0.7847481854511902,True,True,300,False,DNE
Optimal_Ratio_6,SW,EM,0,0.6447018751781146,True,True,300,False,DNE
Optimal_Ratio_6,SW,EM,1,0.7795581632838364,True,True,300,False,DNE
Optimal_Ratio_6,SW,EM,2,0.861970867278711,True,True,300,False,DNE
Optimal_Ratio_6,SW,EM,3,0.8333871833094921,True,True,300,False,DNE
Optimal_Ratio_6,SW,EM,4,0.8152898054041908,True,True,300,False,DNE
Optimal_Ratio_6,SW,NW,0,0.8534943079738667,True,True,300,False,DNE
Optimal_Ratio_6,SW,NW,1,0.8209469615156985,True,True,300,False,DNE
Optimal_Ratio_6,SW,NW,2,0.8685410439052185,True,True,300,False,DNE
Optimal_Ratio_6,SW,NW,3,0.8372055456085907,True,True,300,False,DNE
Optimal_Ratio_6,SW,NW,4,0.8394740217506209,True,True,300,False,DNE
Optimal_Ratio_6,SW,SW,0,0.8454763825048532,True,True,300,False,DNE
Optimal_Ratio_6,SW,SW,1,0.8693000117844039,True,True,300,False,DNE
Optimal_Ratio_6,SW,SW,2,0.8573834933442886,True,True,300,False,DNE
Optimal_Ratio_6,SW,SW,3,0.7910391962193867,True,True,300,False,DNE
Optimal_Ratio_6,SW,SW,4,0.8505776695284655,True,True,300,False,DNE
Optimal_Ratio_7,EM,EM,0,0.9832070159651376,True,True,300,False,DNE
Optimal_Ratio_7,EM,EM,1,0.96438609025937,True,True,300,False,DNE
Optimal_Ratio_7,EM,EM,2,0.9572975868784648,True,True,300,False,DNE
Optimal_Ratio_7,EM,EM,3,0.962762862001796,True,True,300,False,DNE
Optimal_Ratio_7,EM,EM,4,0.9820313487856648,True,True,300,False,DNE
Optimal_Ratio_7,EM,NW,0,0.911755821464026,True,True,300,False,DNE
Optimal_Ratio_7,EM,NW,1,0.8974036892944779,True,True,300,False,DNE
Optimal_Ratio_7,EM,NW,2,0.9044296720466372,True,True,300,False,DNE
Optimal_Ratio_7,EM,NW,3,0.91239629776083,True,True,300,False,DNE
Optimal_Ratio_7,EM,NW,4,0.9007000966769678,True,True,300,False,DNE
Optimal_Ratio_7,EM,SW,0,0.7560174213420762,True,True,300,False,DNE
Optimal_Ratio_7,EM,SW,1,0.7306625570556688,True,True,300,False,DNE
Optimal_Ratio_7,EM,SW,2,0.711152096637051,True,True,300,False,DNE
Optimal_Ratio_7,EM,SW,3,0.7495507109095927,True,True,300,False,DNE
Optimal_Ratio_7,EM,SW,4,0.7337075812699615,True,True,300,False,DNE
Optimal_Ratio_7,NW,EM,0,0.9579067914647924,True,True,300,False,DNE
Optimal_Ratio_7,NW,EM,1,0.9032963919547868,True,True,300,False,DNE
Optimal_Ratio_7,NW,EM,2,0.9238047214849684,True,True,300,False,DNE
Optimal_Ratio_7,NW,EM,3,0.928512217057486,True,True,300,False,DNE
Optimal_Ratio_7,NW,EM,4,0.9144476917135396,True,True,300,False,DNE
Optimal_Ratio_7,NW,NW,0,0.964125662359463,True,True,300,False,DNE
Optimal_Ratio_7,NW,NW,1,0.9536045783850552,True,True,300,False,DNE
Optimal_Ratio_7,NW,NW,2,0.9585459549888268,True,True,300,False,DNE
Optimal_Ratio_7,NW,NW,3,0.9622726402312094,True,True,300,False,DNE
Optimal_Ratio_7,NW,NW,4,0.9627776721763902,True,True,300,False,DNE
Optimal_Ratio_7,NW,SW,0,0.7840339456650155,True,True,300,False,DNE
Optimal_Ratio_7,NW,SW,1,0.8098619588897638,True,True,300,False,DNE
Optimal_Ratio_7,NW,SW,2,0.796411046325321,True,True,300,False,DNE
Optimal_Ratio_7,NW,SW,3,0.78601635938921,True,True,300,False,DNE
Optimal_Ratio_7,NW,SW,4,0.7703981024483944,True,True,300,False,DNE
Optimal_Ratio_7,SW,EM,0,0.84442649906334,True,True,300,False,DNE
Optimal_Ratio_7,SW,EM,1,0.7955551821557723,True,True,300,False,DNE
Optimal_Ratio_7,SW,EM,2,0.7765864778160516,True,True,300,False,DNE
Optimal_Ratio_7,SW,EM,3,0.801609254390091,True,True,300,False,DNE
Optimal_Ratio_7,SW,EM,4,0.771841559412516,True,True,300,False,DNE
Optimal_Ratio_7,SW,NW,0,0.8073436774668614,True,True,300,False,DNE
Optimal_Ratio_7,SW,NW,1,0.8288682475671605,True,True,300,False,DNE
Optimal_Ratio_7,SW,NW,2,0.854999255070735,True,True,300,False,DNE
Optimal_Ratio_7,SW,NW,3,0.8033967424307517,True,True,300,False,DNE
Optimal_Ratio_7,SW,NW,4,0.8123532773017094,True,True,300,False,DNE
Optimal_Ratio_7,SW,SW,0,0.818475269520464,True,True,300,False,DNE
Optimal_Ratio_7,SW,SW,1,0.831023120564006,True,True,300,False,DNE
Optimal_Ratio_7,SW,SW,2,0.4479643217067285,True,True,300,False,DNE
Optimal_Ratio_7,SW,SW,3,0.8403867188945312,True,True,300,False,DNE
Optimal_Ratio_7,SW,SW,4,0.8301721238745514,True,True,300,False,DNE
Optimal_Ratio_8,EM,EM,0,0.8820469816012444,True,True,300,False,DNE
Optimal_Ratio_8,EM,EM,1,0.9228789901233054,True,True,300,False,DNE
Optimal_Ratio_8,EM,EM,2,0.8926187119886553,True,True,300,False,DNE
Optimal_Ratio_8,EM,EM,3,0.9333095871703126,True,True,300,False,DNE
Optimal_Ratio_8,EM,EM,4,0.9022923617553504,True,True,300,False,DNE
Optimal_Ratio_8,EM,NW,0,0.8514181117940554,True,True,300,False,DNE
Optimal_Ratio_8,EM,NW,1,0.8863766235455514,True,True,300,False,DNE
Optimal_Ratio_8,EM,NW,2,0.8521101851083888,True,True,300,False,DNE
Optimal_Ratio_8,EM,NW,3,0.8350934595319223,True,True,300,False,DNE
Optimal_Ratio_8,EM,NW,4,0.8669132661904453,True,True,300,False,DNE
Optimal_Ratio_8,EM,SW,0,0.624484862456857,True,True,300,False,DNE
Optimal_Ratio_8,EM,SW,1,0.6599511132983248,True,True,300,False,DNE
Optimal_Ratio_8,EM,SW,2,0.6586580356181133,True,True,300,False,DNE
Optimal_Ratio_8,EM,SW,3,0.640370578989393,True,True,300,False,DNE
Optimal_Ratio_8,EM,SW,4,0.6546156623881146,True,True,300,False,DNE
Optimal_Ratio_8,NW,EM,0,0.7748179786144657,True,True,300,False,DNE
Optimal_Ratio_8,NW,EM,1,0.7561020233887787,True,True,300,False,DNE
Optimal_Ratio_8,NW,EM,2,0.775434143129304,True,True,300,False,DNE
Optimal_Ratio_8,NW,EM,3,0.8056769437048931,True,True,300,False,DNE
Optimal_Ratio_8,NW,EM,4,0.8187237106713781,True,True,300,False,DNE
Optimal_Ratio_8,NW,NW,0,0.9480367038050724,True,True,300,False,DNE
Optimal_Ratio_8,NW,NW,1,0.918744263836408,True,True,300,False,DNE
Optimal_Ratio_8,NW,NW,2,0.91499365540892,True,True,300,False,DNE
Optimal_Ratio_8,NW,NW,3,0.9183392786510536,True,True,300,False,DNE
Optimal_Ratio_8,NW,NW,4,0.8969104326181161,True,True,300,False,DNE
Optimal_Ratio_8,NW,SW,0,0.7365575999777563,True,True,300,False,DNE
Optimal_Ratio_8,NW,SW,1,0.7010085119630802,True,True,300,False,DNE
Optimal_Ratio_8,NW,SW,2,0.6521847017932575,True,True,300,False,DNE
Optimal_Ratio_8,NW,SW,3,0.7149024996610388,True,True,300,False,DNE
Optimal_Ratio_8,NW,SW,4,0.676307868407376,True,True,300,False,DNE
Optimal_Ratio_8,SW,EM,0,0.6752087344595799,True,True,300,False,DNE
Optimal_Ratio_8,SW,EM,1,0.6345138065316538,True,True,300,False,DNE
Optimal_Ratio_8,SW,EM,2,0.6595175343777938,True,True,300,False,DNE
Optimal_Ratio_8,SW,EM,3,0.65974747528145,True,True,300,False,DNE
Optimal_Ratio_8,SW,EM,4,0.6182953089800107,True,True,300,False,DNE
Optimal_Ratio_8,SW,NW,0,0.8186251277980954,True,True,300,False,DNE
Optimal_Ratio_8,SW,NW,1,0.7786861943045622,True,True,300,False,DNE
Optimal_Ratio_8,SW,NW,2,0.83989695906151,True,True,300,False,DNE
Optimal_Ratio_8,SW,NW,3,0.7702448446407473,True,True,300,False,DNE
Optimal_Ratio_8,SW,NW,4,0.7919368191505083,True,True,300,False,DNE
Optimal_Ratio_8,SW,SW,0,0.7733823828024766,True,True,300,False,DNE
Optimal_Ratio_8,SW,SW,1,0.756412575501261,True,True,300,False,DNE
Optimal_Ratio_8,SW,SW,2,0.6892827582907042,True,True,300,False,DNE
Optimal_Ratio_8,SW,SW,3,0.758209053999032,True,True,300,False,DNE
Optimal_Ratio_8,SW,SW,4,0.6466562632159982,True,True,300,False,DNE
